ABBANS DESSOUS;25320;1;1
ABBANS DESSUS;25440;1;1
ABBENANS;25340;1
ABBEVILLERS;25310;1
ACCOLANS;25250;1
ADAM LES PASSAVANT;25360;1
ADAM LES VERCEL;25530;1
AIBRE;25750;1
AISSEY;25360;1
ALAISE;25330;1
ALLENJOIE;25490;1
LES ALLIES;25300;1
ALLONDANS;25550;1
AMAGNEY;25220;1
AMANCEY;25330;1
AMATHAY VESIGNEUX;25330;1
AMONDANS;25330;1
ANTEUIL;25340;1
APPENANS;25250;1
ARBOUANS;25400;1
ARC ET SENANS;25610;1
ARCEY;25750;1
ARCIER;25220;1
ARCON;25300;1
ARC SOUS CICON;25520;1
ARC SOUS MONTENOT;25270;1
ARGUEL;25720;1
ATHOSE;25580;1
AUBONNE;25520;1
AUDEUX;25170;1
AUDINCOURT;25400;1
AUTECHAUX;25110;1
AUTECHAUX ROIDE;25150;1
AUXON DESSOUS;25870;1
AUXON DESSUS;25870;1
AVANNE AVENEY;25720;1
AVENEY;25720;1
AVILLEY;25680;1
AVOUDREY;25690;1
BADEVEL;25490;1
BANNANS;25560;1
LE BARBOUX;25210;1
BART;25420;1
BARTHERANS;25440;1
BATTENANS LES MINES;25640;1
BATTENANS VARIN;25380;1
BAUME LES DAMES;25110;1
BAVANS;25550;1
BELFAYS;25470;1
LE BELIEU;25500;1
BELLEHERBE;25380;1
BELMONT;25530;1
BELVOIR;25430;1
BERCHE;25420;1
BERTHELANGE;25410;1
BESANCON;25000;1
BETHONCOURT;25200;1
BEURE;25720;1
BEUTAL;25250;1
BIANS LES USIERS;25520;1
BIEF;25190;1
LE BIZOT;25210;1
BLAMONT;25310;1
BLANCHEFONTAINE;25120;1
BLARIANS;25640;1
BLUSSANGEAUX;25250;1
BLUSSANS;25250;1
BOIS LA VILLE;25110;1
BOLANDOZ;25330;1
BONDEVAL;25230;1
BONNAL;25680;1
BONNAY;25870;1
BONNETAGE;25210;1
BONNEVAUX;25560;1
BONNEVAUX LE PRIEURE;25620;1
LA BOSSE;25210;1
BOUCLANS;25360;1
BOUJAILLES;25560;1
BOUJEONS;25160;1
LE BOULOIS;25140;1
BOURGUIGNON;25150;1
BOURNOIS;25250;1
BOUSSIERES;25320;1
BOUVERANS;25560;1
BRAILLANS;25640;1
BRANNE;25340;1
BRECONCHAUX;25640;1
BREMONDANS;25530;1
BRERES;25440;1
LES BRESEUX;25120;1
LA BRETENIERE;25640;1
BRETIGNEY;25250;1
BRETIGNEY NOTRE DAME;25110;1
BRETONVILLERS;25380;1
BREY ET MAISON DU BOIS;25240;1
BROGNARD;25600;1
BUFFARD;25440;1
BUGNY;25520;1
BULLE;25560;1
BURGILLE;25170;1
BURNEVILLERS;25470;1
BUSY;25320;1
BY;25440;1
BYANS SUR DOUBS;25320;1
CADEMENE;25290;1
CENDREY;25640;1
CERNAY L EGLISE;25120;1
CESSEY;25440;1
CHAFFOIS;25300;1
CHALEZE;25220;1
CHALEZEULE;25220;1
CHAMESEY;25380;1
CHAMESOL;25190;1
CHAMPAGNEY;25170;1
CHAMPLIVE;25360;1
CHAMPOUX;25640;1
CHAMPVANS LES BAUME;25110;1
CHAMPVANS LES MOULINS;25170;1
CHANTRANS;25330;1
CHAPELLE DES BOIS;25240;1
CHAPELLE D HUIN;25270;1
CHARBONNIERES LES SAPINS;25620;1
CHARMAUVILLERS;25470;1
CHARMOILLE;25380;1
CHARNAY;25440;1
CHARQUEMONT;25140;1
CHASNANS;25580;1
CHASSAGNE ST DENIS;25290;1
CHATEAUVIEUX LES FOSSES;25840;1
CHATELBLANC;25240;1
CHATILLON GUYOTTE;25640;1
CHATILLON LE DUC;25870;1
CHATILLON SUR LISON;25440;1
CHAUCENNE;25170;1
CHAUDEFONTAINE;25640;1
LES TERRES DE CHAUX;25190;1
LA CHAUX;25650;1
CHAUX LES CLERVAL;25340;1
CHAUX LES PASSAVANT;25530;1
CHAUX NEUVE;25240;1
CHAY;25440;1
CHAZELOT;25680;1
CHAZOT;25430;1
CHAZOY;25170;1
CHEMAUDIN;25320;1
LA CHENALOTTE;25500;1
CHENECEY BUILLON;25440;1
CHEVIGNEY SUR L OGNON;25170;1
CHEVIGNEY LES VERCEL;25530;1
LA CHEVILLOTTE;25620;1
CHEVROZ;25870;1
CHOUZELOT;25440;1
CLERON;25330;1
CLERVAL;25340;1
LA CLUSE ET MIJOUX;25300;1
COLOMBIER CHATELOT;25260;1
COLOMBIER FONTAINE;25260;1
LES COMBES;25500;1
CONSOLATION MAISONNETTES;25390;1
CORCELLE FERRIERES;25410;1
CORCELLE MIESLOT;25640;1
CORCONDRAY;25410;1
CORDIRON;25170;1
COTEBRUNE;25360;1
COTTIER;25410;1
COULANS SUR LIZON;25330;1
COURCELLES LES MONTBELIAR;25420;1
COURCELLES;25440;1
COURCHAPON;25170;1
COUR ST MAURICE;25380;1
COURTEFONTAINE;25470;1
COURTETAIN ET SALANS;25530;1
COURVIERES;25560;1
CROSEY LE GRAND;25340;1
CROSEY LE PETIT;25340;1
LE CROUZET;25240;1
CROUZET MIGETTE;25270;1
CUBRIAL;25680;1
CUBRY;25680;1
CUSANCE;25110;1
CUSE ET ADRISANS;25680;1
CUSSEY SUR LISON;25440;1
CUSSEY SUR L OGNON;25870;1
DAMBELIN;25150;1
DAMBENOIS;25600;1
DAMMARTIN LES TEMPLIERS;25110;1
DAMPIERRE LES BOIS;25490;1
DAMPIERRE SUR LE DOUBS;25420;1
DAMPJOUX;25190;1
DAMPRICHARD;25450;1
DANNEMARIE;25310;1
DANNEMARIE SUR CRETE;25410;1
DASLE;25230;1
DELUZ;25960;1
DESANDANS;25750;1
DESERVILLERS;25330;1
DEVECEY;25870;1
DOMMARTIN;25300;1
DOMPIERRE LES TILLEULS;25560;1
DOMPREL;25510;1
DOUBS;25300;1
DOULAIZE;25330;1
DROITFONTAINE;25380;1
DUNG;25550;1
DURNES;25580;1
ECHAY;25440;1
ECHENANS;25550;1
ECHEVANNES;25580;1
ECOLE VALENTIN;25480;1
LES ECORCES;25140;1
ECOT;25150;1
L ECOUVOTTE;25640;1
ECURCEY;25150;1
EMAGNY;25170;1
EPENOUSE;25530;1
EPENOY;25800;1
EPEUGNEY;25290;1
ESNANS;25110;1
ETALANS;25580;1
ETERNOZ;25330;1
ETOUVANS;25260;1
ETRABONNE;25170;1
ETRAPPE;25250;1
ETRAY;25800;1
ETUPES;25460;1
EVILLERS;25520;1
EXINCOURT;25400;1
EYSSON;25530;1
FAIMBE;25250;1
FALLERANS;25580;1
FERRIERES LE LAC;25470;1
FERRIERES LES BOIS;25410;1
FERTANS;25330;1
FESCHES LE CHATEL;25490;1
FESSEVILLERS;25470;1
FEULE;25190;1
LES FINS;25500;1
FLAGEY;25330;1
FLAGEY RIGNEY;25640;1
FLANGEBOUCHE;25690;1
FLEUREY;25190;1
FONTAIN;25660;1
FONTAINE LES CLERVAL;25340;1
FONTENELLE MONTBY;25340;1
LES FONTENELLES;25210;1
FONTENOTTE;25110;1
FOUCHERANS;25620;1
FOURBANNE;25110;1
FOURCATIER ET MAISON NEUV;25370;1
FOURG;25440;1
LES FOURGS;25300;1
FOURNET BLANCHEROCHE;25140;1
FRAMBOUHANS;25140;1
FRANEY;25170;1
FRANOIS;25770;1
FRASNE;25560;1
LE FRIOLAIS;25120;1
FROIDEVAUX;25190;1
FUANS;25390;1
GELLIN;25240;1
GEMONVAL;25250;1
GENEUILLE;25870;1
GENEY;25250;1
GENNES;25660;1
GERMEFONTAINE;25510;1
GERMONDANS;25640;1
GEVRESIN;25270;1
GILLEY;25650;1
GLAINANS;25340;1
GLAMONDANS;25360;1
GLAY;25310;1
GLERE;25190;1
GONDENANS MONTBY;25340;1
GONDENANS LES MOULINS;25680;1
GONSANS;25360;1
GOUHELANS;25680;1
GOUMOIS;25470;1
GOUX LES DAMBELIN;25150;1
GOUX LES USIERS;25520;1
GOUX SOUS LANDET;25440;1
GRAND CHARMONT;25200;1
GRAND COMBE CHATELEU;25570;1
GRAND COMBE DES BOIS;25210;1
GRANDFONTAINE;25320;1
FOURNETS LUISANS;25390;1
GRANDFONTAINE SUR CREUSE;25510;1
LA GRANGE;25380;1
GRANGES DE VIENNEY;25360;1
GRANGES MAILLOT;25270;1
GRANGES NARBOZ;25300;1
GRANGES STE MARIE;25160;1
LES GRANGETTES;25160;1
LES GRAS;25790;1
LE GRATTERIS;25620;1
GROSBOIS;25110;1
GUILLON LES BAINS;25110;1
GUYANS DURNES;25580;1
GUYANS VENNES;25390;1
HAUTEPIERRE LE CHATELET;25580;1
HAUTERIVE LA FRESSE;25650;1
HERIMONCOURT;25310;1
L HOPITAL DU GROSBOIS;25620;1
L HOPITAL ST LIEFFROY;25340;1
LES HOPITAUX NEUFS;25370;1
LES HOPITAUX VIEUX;25370;1
HOUTAUD;25300;1
HUANNE MONTMARTIN;25680;1
HYEMONDANS;25250;1
HYEVRE MAGNY;25110;1
HYEVRE PAROISSE;25110;1
INDEVILLERS;25470;1
L ISLE SUR LE DOUBS;25250;1
ISSANS;25550;1
JALLERANGE;25170;1
JOUGNE;25370;1
LABERGEMENT DU NAVOIS;25270;1
LABERGEMENT STE MARIE;25160;1
VILLERS LE LAC;25130;1
LAIRE;25550;1
LAISSEY;25820;1
LANANS;25360;1
LANDRESSE;25530;1
LANTENNE VERTIERE;25170;1
LANTHENANS;25250;1
LARNOD;25720;1
LAVAL LE PRIEURE;25210;1
LAVANS QUINGEY;25440;1
LAVANS VUILLAFANS;25580;1
LAVERNAY;25170;1
LAVIRON;25510;1
LEVIER;25270;1
LIEBVILLERS;25190;1
LIESLE;25440;1
LIEVREMONT;25650;1
LIZINE;25330;1
LODS;25930;1
LOMBARD;25440;1
LOMONT SUR CRETE;25110;1
LONGECHAUX;25690;1
LONGEMAISON;25690;1
LONGEVELLE LES RUSSEY;25380;1
LONGEVELLE SUR DOUBS;25260;1
LONGEVILLE;25330;1
LA LONGEVILLE;25650;1
LONGEVILLES MONT D OR;25370;1
LORAY;25390;1
LOUGRES;25260;1
LE LUHIER;25210;1
LUISANS;25390;1
LUSANS;25640;1
LUXIOL;25110;1
MAGNY CHATELARD;25360;1
MAICHE;25120;1
MAISONS DU BOIS LIEVREMON;25650;1
MAISIERES NOTRE DAME;25290;1
MALANS;25330;1
MALBRANS;25620;1
MALBUISSON;25160;1
MALPAS;25160;1
MAMBOUHANS;25150;1
MAMIROLLE;25620;1
MANCENANS;25250;1
MANCENANS LIZERNE;25120;1
MANDEURE;25350;1
MARCHAUX;25640;1
MARVELISE;25250;1
MATHAY;25700;1
MAZEROLLES LE SALIN;25170;1
MEDIERE;25250;1
LE MEMONT;25210;1
MERCEY LE GRAND;25410;1
MEREY SOUS MONTROND;25660;1
MEREY VIEILLEY;25870;1
MESANDANS;25680;1
MESLIERES;25310;1
MESMAY;25440;1
METABIEF;25370;1
MISEREY SALINES;25480;1
MONCEY;25870;1
MONCLEY;25170;1
MONDON;25680;1
MONTAGNEY SERVIGNEY;25680;1
MONTANCY;25190;1
MONTANDON;25190;1
MONTBELIARD;25200;1
MONTBELIARDOT;25210;1
MONTBENOIT;25650;1
MONT DE LAVAL;25210;1
MONT DE VOUGNEY;25120;1
MONTECHEROUX;25190;1
MONTENOIS;25260;1
MONTFAUCON;25660;1
MONTFERNEY;25680;1
MONTFERRAND LE CHATEAU;25320;1
MONTFLOVIN;25650;1
MONTFORT;25440;1
MONTGESOYE;25111;1
MONTIVERNAGE;25110;1
MONTJOIE LE CHATEAU;25190;1
MONTLEBON;25500;1
MONTMAHOUX;25270;1
MONTPERREUX;25160;1
MONTROND LE CHATEAU;25660;1
MONTURSIN;25190;1
MONTUSSAINT;25680;1
MORCHAMPS;25680;1
MORRE;25660;1
MORTEAU;25500;1
MOUILLEVILLERS;25190;1
MOUTHE;25240;1
LE MOUTHEROT;25170;1
MOUTHIER HAUTE PIERRE;25920;1
MYON;25440;1
NAISEY LES GRANGES;25360;1
NANCRAY;25360;1
NANS;25680;1
NANS SOUS STE ANNE;25330;1
NARBIEF;25210;1
NEUCHATEL URTIERE;25150;1
NODS;25580;1
NOEL CERNEUX;25500;1
NOIREFONTAINE;25190;1
NOIRONTE;25170;1
NOMMAY;25600;1
NOVILLARS;25220;1
OLLANS;25640;1
ONANS;25250;1
ORCHAMPS VENNES;25390;1
ORGEANS BLANCHE FONTAINE;25120;1
ORNANS;25290;1
ORSANS;25530;1
ORVE;25430;1
OSSE;25360;1
OSSELLE;25320;1
OUGNEY DOUVOT;25640;1
OUHANS;25520;1
OUVANS;25530;1
OYE ET PALLET;25160;1
PALANTINE;25440;1
PALISE;25870;1
PAROY;25440;1
PASSAVANT;25360;1
PASSONFONTAINE;25690;1
PELOUSEY;25170;1
PESEUX;25190;1
PESSANS;25440;1
PETITE CHAUX;25240;1
PIERREFONTAINE LES BLAMON;25310;1
PIERREFONTAINE LES VARANS;25510;1
PIREY;25480;1
PLACEY;25170;1
PLAIMBOIS DU MIROIR;25210;1
PLAIMBOIS VENNES;25390;1
LES PLAINS ET GRANDS ESSA;25470;1
LA PLANEE;25160;1
POINTVILLERS;25440;1
POMPIERRE SUR DOUBS;25340;1
PONTARLIER;25300;1
PONT DE ROIDE;25150;1
LES PONTETS;25240;1
PONT LES MOULINS;25110;1
POUILLEY FRANCAIS;25410;1
POUILLEY LES VIGNES;25115;1
POULIGNEY LUSANS;25640;1
PRESENTEVILLERS;25550;1
LA PRETIERE;25250;1
PROVENCHERE;25380;1
PUESSANS;25680;1
PUGEY;25720;1
LE PUY;25640;1
QUINGEY;25440;1
RAHON;25430;1
RANCENAY;25320;1
RANDEVILLERS;25430;1
RANG;25250;1
RANTECHAUX;25580;1
RAYNANS;25550;1
RECOLOGNE;25170;1
RECULFOZ;25240;1
REFRANCHE;25330;1
REMONDANS VAIVRE;25150;1
REMORAY BOUJEONS;25160;1
RENEDALE;25520;1
RENNES SUR LOUE;25440;1
REUGNEY;25330;1
RIGNEY;25640;1
RIGNOSOT;25640;1
RILLANS;25110;1
LA RIVIERE DRUGEON;25560;1
ROCHEJEAN;25370;1
ROCHE LEZ BEAUPRE;25220;1
ROCHE LES CLERVAL;25340;1
ROCHES LES BLAMONT;25310;1
ROGNON;25680;1
ROMAIN;25680;1
RONCHAUX;25440;1
RONDEFONTAINE;25240;1
ROSET FLUANS;25410;1
ROSIERES SUR BARBECHE;25190;1
ROSUREUX;25380;1
ROUGEMONT;25680;1
ROUGEMONTOT;25640;1
ROUHE;25440;1
ROULANS;25640;1
ROUTELLE;25410;1
RUFFEY LE CHATEAU;25170;1
RUREY;25290;1
LE RUSSEY;25210;1
STE ANNE;25270;1
ST ANTOINE;25370;1
STE COLOMBE;25300;1
ST GEORGES ARMONT;25340;1
ST GORGON MAIN;25520;1
ST HILAIRE;25640;1
ST HIPPOLYTE;25190;1
ST JUAN;25360;1
ST JULIEN LES MONTBELIARD;25550;1
ST JULIEN LES RUSSEY;25210;1
STE MARIE;25113;1
ST MAURICE COLOMBIER;25260;1
ST POINT LAC;25160;1
STE SUZANNE;25630;1
ST VIT;25410;1
SAMSON;25440;1
SANCEY LE GRAND;25430;1
SANCEY LE LONG;25430;1
SANTOCHE;25340;1
SAONE;25660;1
SARAZ;25330;1
SARRAGEOIS;25240;1
SAULES;25580;1
SAUVAGNEY;25170;1
SCEY MAISIERES;25290;1
SECHIN;25110;1
SELONCOURT;25230;1
SEMONDANS;25750;1
SEPTFONTAINES;25270;1
SERRE LES SAPINS;25770;1
SERVIGNEY;25680;1
SERVIN;25430;1
SILLEY AMANCEY;25330;1
SILLEY BLEFOND;25110;1
SOCHAUX;25600;1
SOLEMONT;25190;1
SOMBACOUR;25520;1
LA SOMMETTE;25510;1
SOULCE CERNAY;25190;1
SOURANS;25250;1
SOYE;25250;1
SURMONT;25380;1
TAILLECOURT;25400;1
TALLANS;25680;1
TALLENAY;25870;1
TARCENAY;25620;1
THIEBOUHANS;25470;1
THISE;25220;1
THORAISE;25320;1
THULAY;25310;1
THUREY LE MONT;25870;1
TORPES;25320;1
TOUILLON ET LOUTELET;25370;1
LA TOUR DE SCAY;25640;1
TOURNANS;25680;1
TOURNEDOZ;25340;1
TREPOT;25620;1
TRESSANDANS;25680;1
TREVILLERS;25470;1
TROUVANS;25680;1
URTIERE;25470;1
UZELLE;25340;1
VAIRE ARCIER;25220;1
VAIRE LE PETIT;25220;1
VAIVRE;25150;1
VALDAHON;25800;1
VAL DE ROULANS;25640;1
VALENTIGNEY;25700;1
VALENTIN;25480;1
VALLEROY;25870;1
VALONNE;25190;1
VALOREILLE;25190;1
VANCLANS;25580;1
VANDONCOURT;25230;1
VAUCHAMPS;25360;1
VAUCLUSE;25380;1
VAUCLUSOTTE;25380;1
VAUDRIVILLERS;25360;1
VAUFREY;25190;1
VAUX ET CHANTEGRUE;25160;1
VAUX LES PRES;25770;1
VELESMES ESSARTS;25410;1
VELLEROT LES BELVOIR;25430;1
VELLEROT LES VERCEL;25530;1
VELLEVANS;25430;1
VENISE;25870;1
VENNANS;25640;1
VENNES;25390;1
VERCEL VILLEDIEU LE CAMP;25530;1
VERGRANNE;25110;1
VERMONDANS;25150;1
VERNE;25110;1
VERNIERFONTAINE;25580;1
VERNOIS LE FOL;25190;1
VERNOIS LES BELVOIR;25430;1
LE VERNOY;25750;1
VERRIERES DE JOUX;25300;1
VERRIERES DU GROSBOIS;25580;1
LA VEZE;25660;1
VIEILLEY;25870;1
VIETHOREY;25340;1
VIEUX CHARMONT;25600;1
VILLARS LES BLAMONT;25310;1
VILLARS ST GEORGES;25410;1
VILLARS SOUS DAMPJOUX;25190;1
VILLARS SOUS ECOT;25150;1
LES VILLEDIEU;25240;1
VILLE DU PONT;25650;1
VILLENEUVE D AMONT;25270;1
VILLERS BUZON;25170;1
VILLERS CHIEF;25530;1
VILLERS GRELOT;25640;1
VILLERS LA COMBE;25510;1
VILLERS ST MARTIN;25110;1
VILLERS SOUS CHALAMONT;25270;1
VILLERS SOUS MONTROND;25620;1
VOILLANS;25110;1
VOIRES;25580;1
VORGES LES PINS;25320;1
VOUJEAUCOURT;25420;1
VUILLAFANS;25840;1
VUILLECIN;25300;1
VYT LES BELVOIR;25430;1
ANTORPE;25410;1
ABELCOURT;70300;1
ABONCOURT GESINCOURT;70500;1
ACHEY;70180;1
ADELANS ET LE VAL DE BITH;70200;1
AILLEVANS;70110;1
AILLEVILLERS ET LYAUMONT;70320;1
AILLONCOURT;70300;1
AINVELLE;70800;1
AISEY ET RICHECOURT;70500;1
ALAINCOURT;70210;1
AMAGE;70280;1
AMANCE;70160;1
AMBIEVILLERS;70210;1
AMBLANS ET VELOTTE;70200;1
AMONCOURT;70170;1
AMONT ET EFFRENEY;70310;1
ANCHENONCOURT ET CHAZEL;70210;1
ANCIER;70100;1
ANDELARRE;70000;1
ANDELARROT;70000;1
ANDORNAY;70200;1
ANGIREY;70700;1
ANJEUX;70800;1
APREMONT;70100;1
ARBECEY;70160;1
ARC LES GRAY;70100;1
ARGILLIERES;70600;1
AROZ;70360;1
ARPENANS;70200;1
ARSANS;70100;1
ATHESANS ETROITE FONTAINE;70110;1
ATTRICOURT;70100;1
AUBERTANS;70190;1
AUBIGNEY;70140;1
AUGICOURT;70500;1
AULX LES CROMARY;70190;1
AUTET;70180;1
AUTHOISON;70190;1
AUTOREILLE;70700;1
AUTREY LES CERRE;70110;1
AUTREY LES GRAY;70100;1
AUTREY LE VAY;70110;1
AUVET ET LA CHAPELOTTE;70100;1
AUXON;70000;1
AVRIGNEY VIREY;70150;1
LES AYNANS;70200;1
BAIGNES;70000;1
BARD LES PESMES;70140;1
BARGES;70500;1
LA BARRE;70190;1
LA BASSE VAIVRE;70210;1
BASSIGNEY;70800;1
LES BATIES;70130;1
BATTRANS;70100;1
BAUDONCOURT;70300;1
BAULAY;70160;1
BAY;70150;1
BEAUJEU ST VALLIER PIERRE;70100;1
BEAUMOTTE AUBERTANS;70190;1
BEAUMOTTE LES PIN;70150;1
BELFAHY;70290;1
BELMONT;70270;1
BELONCHAMP;70270;1
BELVERNE;70400;1
BESNANS;70230;1
BETAUCOURT;70500;1
BETONCOURT LES BROTTE;70300;1
BETONCOURT LES MENETRIERS;70120;1
BETONCOURT ST PANCRAS;70210;1
BETONCOURT SUR MANCE;70500;1
BEULOTTE ST LAURENT;70310;1
BEVEUGE;70110;1
BLONDEFONTAINE;70500;1
BONBOILLON;70150;1
BONNEVENT VELLOREILLE;70700;1
BOREY;70110;1
BOUGEY;70500;1
BOUGNON;70170;1
BOUHANS ET FEURG;70100;1
BOUHANS LES LURE;70200;1
BOUHANS LES MONTBOZON;70230;1
BOULIGNEY;70800;1
BOULOT;70190;1
BOULT;70190;1
BOURBEVELLE;70500;1
BOURGUIGNON LES CONFLANS;70800;1
BOURGUIGNON LES LA CHARIT;70190;1
BOURGUIGNON LES MOREY;70120;1
BOURSIERES;70000;1
BOUSSERAUCOURT;70500;1
BRESILLEY;70140;1
BREUCHES;70300;1
BREUCHOTTE;70280;1
BREUREY LES FAVERNEY;70160;1
BREVILLIERS;70400;1
BRIAUCOURT;70800;1
BROTTE LES LUXEUIL;70300;1
BROTTE LES RAY;70180;1
BROYE LOUP VERFONTAINE;70100;1
BROYE AUBIGNEY MONTSEUGNY;70140;1
BRUSSEY;70150;1
LA BRUYERE;70280;1
BUCEY LES GY;70700;1
BUCEY LES TRAVES;70360;1
BUFFIGNECOURT;70500;1
BUSSIERES;70190;1
BUSSUREL;70400;1
BUTHIERS;70190;1
BYANS;70400;1
CALMOUTIER;70240;1
CEMBOING;70500;1
CENANS;70230;1
CENDRECOURT;70500;1
CERRE LES NOROY;70000;1
CHAGEY;70400;1
CHALONVILLARS;70400;1
CHAMBORNAY LES BELLEVAUX;70190;1
CHAMBORNAY LES PIN;70150;1
CHAMPAGNEY;70290;1
CHAMPEY;70400;1
CHAMPLITTE;70600;1
CHAMPLITTE LA VILLE;70600;1
CHAMPTONNAY;70100;1
CHAMPVANS;70100;1
CHANCEY;70140;1
CHANTES;70360;1
LA CHAPELLE LES LUXEUIL;70300;1
LA CHAPELLE ST QUILLAIN;70700;1
CHARCENNE;70700;1
CHARENTENAY;70130;1
CHARGEY LES GRAY;70100;1
CHARGEY LES PORT;70170;1
CHARIEZ;70000;1
CHARMES ST VALBERT;70120;1
CHARMOILLE;70000;1
CHASSEY LES MONTBOZON;70230;1
CHASSEY LES SCEY;70360;1
CHATEAU LAMBERT;70440;1
CHATENEY;70240;1
CHATENOIS;70240;1
CHAUMERCENNE;70140;1
CHAUVIREY LE CHATEL;70500;1
CHAUVIREY LE VIEIL;70500;1
CHAUX LA LOTIERE;70190;1
CHAUX LES PORT;70170;1
CHAVANNE;70400;1
CHEMILLY;70360;1
CHENEBIER;70400;1
CHENEVREY ET MOROGNE;70150;1
CHEVIGNEY;70140;1
CHOYE;70700;1
CINTREY;70120;1
CIREY;70190;1
CITERS;70300;1
CITEY;70700;1
CLAIREGOUTTE;70200;1
CLANS;70000;1
COGNIERES;70230;1
COISEVAUX;70400;1
COLOMBE LES BITHAINE;70200;1
COLOMBE LES VESOUL;70000;1
COLOMBIER;70000;1
COLOMBOTTE;70240;1
COMBEAUFONTAINE;70120;1
COMBERJON;70000;1
CONFLANDEY;70170;1
CONFLANS SUR LANTERNE;70800;1
CONFRACOURT;70120;1
CONTREGLISE;70160;1
CORBENAY;70320;1
LA CORBIERE;70300;1
CORCELLES;70400;1
CORDONNET;70190;1
CORNOT;70120;1
CORRAVILLERS;70310;1
CORRE;70500;1
LA COTE;70200;1
COULEVON;70000;1
COURCHATON;70110;1
COURCUIRE;70150;1
COURMONT;70400;1
COURTESOULT ET GATEY;70600;1
COUTHENANS;70400;1
CRESANCEY;70100;1
LA CREUSE;70240;1
CREVANS CHAPELLE GRANGES;70400;1
CREVENEY;70240;1
CROMARY;70190;1
CUBRY LES FAVERNEY;70160;1
CUBRY LES SOING;70130;1
CUGNEY;70700;1
CULT;70150;1
CUVE;70800;1
DAMBENOIT LES COLOMBE;70200;1
DAMPIERRE LES CONFLANS;70800;1
DAMPIERRE SUR LINOTTE;70230;1
DAMPIERRE SUR SALON;70180;1
DAMPVALLEY LES COLOMBE;70000;1
DAMPVALLEY ST PANCRAS;70210;1
DELAIN;70180;1
DEMANGEVELLE;70210;1
LA DEMIE;70000;1
DENEVRE;70180;1
ECHAVANNE;70400;1
ECHENANS SOUS MONT VAUDOI;70400;1
ECHENOZ LA MELINE;70000;1
ECHENOZ LE SEC;70000;1
ECHEVANNE;70100;1
ECROMAGNY;70270;1
ECUELLE;70600;1
EHUNS;70300;1
EQUEVILLEY;70160;1
ERREVET;70400;1
ESBOZ BREST;70300;1
ESMOULIERES;70310;1
ESMOULINS;70100;1
ESPRELS;70110;1
ESSERTENNE ET CECEY;70100;1
ETOBON;70400;1
ETRELLES ET MONTBLEUSE;70700;1
ETROITE FONTAINE;70110;1
ETUZ;70150;1
FAHY LES AUTREY;70100;1
FALLON;70110;1
FAUCOGNEY ET LA MER;70310;1
FAVERNEY;70160;1
FAYMONT;70200;1
FEDRY;70120;1
FERRIERES LES RAY;70130;1
FERRIERES LES SCEY;70360;1
LES FESSEY;70310;1
FILAIN;70230;1
FLAGY;70000;1
FLEUREY LES FAVERNEY;70160;1
FLEUREY LES LAVONCOURT;70120;1
FLEUREY LES ST LOUP;70800;1
FONDREMAND;70190;1
FONTAINE LES LUXEUIL;70800;1
LES FONTENIS;70190;1
FONTENOIS LA VILLE;70210;1
FONTENOIS LES MONTBOZON;70230;1
FOUCHECOURT;70160;1
FOUGEROLLES;70220;1
FOUVENT LE BAS;70600;1
FOUVENT ST ANDOCHE;70600;1
FRAHIER ET CHATEBIER;70400;1
FRANCALMONT;70800;1
FRANCHEVELLE;70200;1
FRANCOURT;70180;1
FRAMONT;70600;1
FRASNE LE CHATEAU;70700;1
FREDERIC FONTAINE;70200;1
FRESNE ST MAMES;70130;1
FRESSE;70270;1
FRETIGNEY VELLOREILLE;70130;1
FROIDECONCHE;70300;1
FROIDETERRE;70200;1
FROTEY LES LURE;70200;1
FROTEY LES VESOUL;70000;1
GENEVREUILLE;70240;1
GENEVREY;70240;1
GEORFANS;70110;1
GERMIGNEY;70100;1
GEVIGNEY ET MERCEY;70500;1
GEZIER ET FONTENELAY;70700;1
GIREFONTAINE;70210;1
GONVILLARS;70400;1
GOUHENANS;70110;1
GOURGEON;70120;1
GRAMMONT;70110;1
GRANDECOURT;70120;1
GRANDVELLE ET LE PERRENOT;70190;1
GRANGES LA VILLE;70400;1
GRANGES LE BOURG;70400;1
GRATTERY;70170;1
GRAY;70100;1
GRAY LA VILLE;70100;1
GREUCOURT;70130;1
GY;70700;1
LE HAUT DU THEM CHATEAU L;70440;1
HAUTEVELLE;70800;1
HERICOURT;70400;1
HUGIER;70150;1
HURECOURT;70210;1
HYET;70190;1
IGNY;70700;1
JASNEY;70800;1
JONVELLE;70500;1
JUSSEY;70500;1
LAMBREY;70500;1
LANTENOT;70200;1
LA LANTERNE LES ARMONTS;70270;1
LARIANS ET MUNANS;70230;1
LARRET;70600;1
LAVIGNEY;70120;1
LAVONCOURT;70120;1
LEFFOND;70600;1
LIEFFRANS;70190;1
LIEUCOURT;70140;1
LIEVANS;70240;1
LINEXERT;70200;1
LOEUILLEY;70100;1
LOMONT;70200;1
LONGEVELLE;70110;1
LA LONGINE;70310;1
LOULANS VERCHAMP;70230;1
LURE;70200;1
LUXEUIL LES BAINS;70300;1
LUZE;70400;1
LYOFFANS;70200;1
MAGNIVRAY;70300;1
MAGNONCOURT;70800;1
LE MAGNORAY;70000;1
LES MAGNY;70110;1
MAGNY DANIGON;70200;1
MAGNY JOBERT;70200;1
MAGNY LES JUSSEY;70500;1
MAGNY VERNOIS;70200;1
MAILLERONCOURT CHARETTE;70240;1
MAILLERONCOURT PANCRAS;70210;1
MAILLEY ET CHAZELOT;70000;1
MAIZIERES;70190;1
LA MALACHERE;70190;1
MALANS;70140;1
MALBOUHANS;70200;1
MALVILLERS;70120;1
MANDREVILLARS;70400;1
MANTOCHE;70100;1
MARAST;70110;1
MARGILLEY;70600;1
MARNAY;70150;1
MAUSSANS;70230;1
MELECEY;70110;1
MELIN;70120;1
MELINCOURT;70210;1
MELISEY;70270;1
MEMBREY;70180;1
MENOUX;70160;1
MERCEY SUR SAONE;70130;1
MERSUAY;70160;1
MEURCOURT;70300;1
MIELLIN;70440;1
MIGNAFANS;70110;1
MIGNAVILLERS;70400;1
MOFFANS ET VACHERESSE;70200;1
MOIMAY;70110;1
MOLAY;70120;1
MOLLANS;70240;1
LA MONTAGNE;70310;1
MONTAGNEY;70140;1
MONTARLOT LES CHAMPLITT;70600;1
MONTARLOT LES RIOZ;70190;1
MONTBOILLON;70700;1
MONTBOZON;70230;1
MONTCEY;70000;1
MONTCOURT;70500;1
MONTDORE;70210;1
MONTESSAUX;70270;1
MONTIGNY LES CHERLIEU;70500;1
MONTIGNY LES VESOUL;70000;1
MONTJUSTIN ET VELOTTE;70110;1
MONT LE FRANOIS;70600;1
VILLERS CHEMIN ET MONT LE;70700;1
MONT LE VERNOIS;70000;1
MONTOT;70180;1
MONT ST LEGER;70120;1
MONTSEUGNY;70140;1
MONTUREUX ET PRANTIGNY;70100;1
MONTUREUX LES BAULAY;70500;1
LA ROCHE MOREY;70120;1
MOTEY BESUCHE;70140;1
MOTEY SUR SAONE;70130;1
NANTILLY;70100;1
NANTOUARD;70100;1
NAVENNE;70000;1
NEUREY EN VAUX;70160;1
NEUREY LES LA DEMIE;70000;1
NEUVELLE LES CHAMPLITTE;70600;1
NEUVELLE LES CROMARY;70190;1
NEUVELLE LES LA CHARITE;70130;1
LA NEUVELLE LES LURE;70200;1
LA NEUVELLE LES SCEY;70360;1
NOIDANS LE FERROUX;70130;1
NOIDANS LES VESOUL;70000;1
NOIRON;70100;1
NOROY LE BOURG;70000;1
NOROY LES JUSSEY;70500;1
OIGNEY;70120;1
OISELAY ET GRACHAUX;70700;1
ONAY;70100;1
OPPENANS;70110;1
ORICOURT;70110;1
ORMENANS;70230;1
ORMOICHE;70300;1
ORMOY;70500;1
OUGE;70500;1
OVANCHES;70360;1
OYRIERES;70600;1
PALANTE;70200;1
PASSAVANT LA ROCHERE;70210;1
PENNESIERES;70190;1
PERCEY LE GRAND;70600;1
PERROUSE;70190;1
PESMES;70140;1
PIERRECOURT;70600;1
PIN;70150;1
LA PISSEURE;70800;1
PLAINEMONT;70800;1
PLANCHER BAS;70290;1
PLANCHER LES MINES;70290;1
POLAINCOURT ET CLAIREFONT;70210;1
POMOY;70240;1
PONTCEY;70360;1
LE PONT DE PLANCHES;70130;1
PONT DU BOIS;70210;1
PONT SUR L OGNON;70110;1
PORT SUR SAONE;70170;1
POYANS;70100;1
PREIGNEY;70120;1
PRESLE;70230;1
LA PROISELIERE ET LANGLE;70310;1
PROVENCHERE;70170;1
PURGEROT;70160;1
PUSEY;70000;1
PUSY ET EPENOUX;70000;1
LA QUARTE;70120;1
QUENOCHE;70190;1
QUERS;70200;1
QUINCEY;70000;1
QUITTEUR;70100;1
RADDON ET CHAPENDU;70280;1
RAINCOURT;70500;1
RANZEVELLE;70500;1
RAY SUR SAONE;70130;1
RAZE;70000;1
RECOLOGNE;70130;1
RECOLOGNE LES RIOZ;70190;1
RENAUCOURT;70120;1
LA GRANDE RESIE;70140;1
LA RESIE ST MARTIN;70140;1
RIGNOVELLE;70200;1
RIGNY;70100;1
RIOZ;70190;1
ROCHE ET RAUCOURT;70180;1
ROCHE LINOTTE SORANS;70230;1
LA ROCHELLE;70120;1
RONCHAMP;70250;1
ROSEY;70000;1
LA ROSIERE;70310;1
ROSIERES SUR MANCE;70500;1
ROYE;70200;1
RUHANS;70190;1
RUPT SUR SAONE;70360;1
ST ANDOCHE;70600;1
ST BARTHELEMY;70270;1
ST BRESSON;70280;1
ST BROING;70100;1
ST FERJEUX;70110;1
ST GAND;70130;1
ST GERMAIN;70200;1
ST JULIEN;70120;1
ST LOUP NANTOUARD;70100;1
ST LOUP SUR SEMOUSE;70800;1
ST MARCEL;70500;1
STE MARIE EN CHANOIS;70310;1
STE MARIE EN CHAUX;70300;1
STE REINE;70700;1
ST REMY;70160;1
ST SAUVEUR;70300;1
ST SULPICE;70110;1
ST VALBERT;70300;1
SAPONCOURT;70210;1
SAULNOT;70400;1
SAULX;70240;1
SAUVIGNEY LES GRAY;70100;1
SAUVIGNEY LES PESMES;70140;1
SAVOYEUX;70130;1
SCEY SUR SAONE ET ST ALBI;70360;1
SCYE;70170;1
SECENANS;70400;1
SELLES;70210;1
SEMMADON;70120;1
SENARGENT MIGNAFANS;70110;1
SENONCOURT;70160;1
SERVANCE;70440;1
SERVIGNEY;70240;1
SEVEUX;70130;1
SOING CUBRY CHARENTENAY;70130;1
SORANS LES BREUREY;70190;1
SORNAY;70150;1
SUAUCOURT ET PISSELOUP;70120;1
TARTECOURT;70500;1
TAVEY;70400;1
TERNUAY MELAY ST HILAIRE;70270;1
THEULEY;70120;1
THIEFFRANS;70230;1
THIENANS;70230;1
TINCEY ET PONTREBEAU;70120;1
TRAITIEFONTAINE;70190;1
TRAVES;70360;1
LE TREMBLOIS;70100;1
TREMOINS;70400;1
TRESILLEY;70190;1
TREVEY;70230;1
TROMAREY;70150;1
VADANS;70140;1
VAITE;70180;1
LA VAIVRE;70320;1
VAIVRE ET MONTOILLE;70000;1
VALAY;70140;1
LE VAL DE GOUHENANS;70200;1
VALLEROIS LE BOIS;70000;1
VALLEROIS LORIOZ;70000;1
LE VAL ST ELOI;70160;1
VANDELANS;70190;1
VANNE;70130;1
VANTOUX ET LONGEVELLE;70700;1
VAROGNE;70240;1
VARS;70600;1
VAUCHOUX;70170;1
VAUCONCOURT NERVEZAIN;70120;1
VAUVILLERS;70210;1
VAUX LE MONCELOT;70700;1
VELESMES ECHEVANNE;70100;1
VELET;70100;1
VELLECHEVREUX COURBENANS;70110;1
VELLECLAIRE;70700;1
VELLEFAUX;70000;1
VELLEFREY VELLEFRANGE;70700;1
VELLEFRIE;70240;1
VELLEGUINDRY ET LEVRECEY;70000;1
VELLE LE CHATEL;70000;1
VELLEMINFROY;70240;1
VELLEMOZ;70700;1
VELLEXON QUEUTREY VAUDEY;70130;1
VELLOREILLE LES CHOYE;70700;1
VELORCEY;70300;1
VENERE;70100;1
VERCHAMP;70230;1
LA VERGENNE;70200;1
VENISEY;70500;1
VEREUX;70180;1
VERLANS;70400;1
VERNOIS SUR MANCE;70500;1
LA VERNOTTE;70130;1
VESOUL;70000;1
VEZET;70130;1
VILLAFANS;70110;1
VILLARGENT;70110;1
VILLARS LE PAUTEL;70500;1
LA VILLEDIEU EN FONTENETT;70160;1
VILLEFRANCON;70700;1
VILLENEUVE BELLENOYE ET L;70240;1
VILLEPAROIS;70000;1
VILLERS BOUTON;70190;1
VILLERSEXEL;70110;1
VILLERS LA VILLE;70110;1
VILLERS LE SEC;70000;1
VILLERS LES LUXEUIL;70300;1
VILLERS PATER;70190;1
VILLERS SUR PORT;70170;1
VILLERS SUR SAULNOT;70400;1
VILLERS VAUDEY;70120;1
VILORY;70240;1
VIREY;70150;1
VISONCOURT;70300;1
VITREY SUR MANCE;70500;1
LA VOIVRE;70310;1
VOLON;70180;1
VORAY SUR L OGNON;70190;1
VOUGECOURT;70500;1
VOUHENANS;70200;1
VREGILLE;70150;1
VYANS LE VAL;70400;1
VY LE FERROUX;70130;1
VY LES LURE;70200;1
VY LES RUPT;70120;1
VY LES FILAIN;70230;1
FRETTES;70600;1
PORT D ATELIER;70160;1
ANDELNANS;90400;1
ANGEOT;90150;1
ANJOUTEY;90170;1
ARGIESANS;90800;1
AUXELLES BAS;90200;1
AUXELLES HAUT;90200;1
BANVILLARS;90800;1
BAVILLIERS;90800;1
BEAUCOURT;90500;1
BELFORT;90000;1
BERMONT;90400;1
BESSONCOURT;90160;1
BETHONVILLIERS;90150;1
BORON;90100;1
BOTANS;90400;1
BOURG SOUS CHATELET;90110;1
BOUROGNE;90140;1
BREBOTTE;90140;1
BRETAGNE;90130;1
BUC;90800;1
CHARMOIS;90140;1
CHATENOIS LES FORGES;90700;1
CHAUX;90330;1
CHAVANATTE;90100;1
CHAVANNES LES GRANDS;90100;1
CHEVREMONT;90340;1
COURCELLES;90100;1
COURTELEVANT;90100;1
CRAVANCHE;90300;1
CROIX;90100;1
CUNELIERES;90150;1
DANJOUTIN;90400;1
DELLE;90100;1
DENNEY;90160;1
DORANS;90400;1
EGUENIGUE;90150;1
ELOIE;90300;1
ESSERT;90850;1
ETUEFFONT;90170;1
EVETTE SALBERT;90350;1
FAVEROIS;90100;1
FELON;90110;1
FECHE L EGLISE;90100;1
FLORIMONT;90100;1
FONTAINE;90150;1
FONTENELLE;90340;1
FOUSSEMAGNE;90150;1
FRAIS;90150;1
FROIDEFONTAINE;90140;1
GIROMAGNY;90200;1
GRANDVILLARS;90600;1
GROSMAGNY;90200;1
GROSNE;90100;1
JONCHEREY;90100;1
LACHAPELLE SOUS CHAUX;90300;1
LACHAPELLE SOUS ROUGEMONT;90360;1
LACOLLONGE;90150;1
LAGRANGE;90150;1
LAMADELEINE VAL DES ANGES;90170;1
LARIVIERE;90150;1
LEBETAIN;90100;1
LEPUIX NEUF;90100;1
LEPUIX;90200;1
LEVAL;90110;1
MENONCOURT;90150;1
MEROUX MOVAL;90400;1
MEZIRE;90120;1
MONTBOUTON;90500;1
MONTREUX CHATEAU;90130;1
MORVILLARS;90120;1
MOVAL;90400;1
NOVILLARD;90340;1
OFFEMONT;90300;1
PEROUSE;90160;1
PETIT CROIX;90130;1
PETITEFONTAINE;90360;1
PETITMAGNY;90170;1
PHAFFANS;90150;1
RECHESY;90370;1
AUTRECHENE;90140;1
RECOUVRANCE;90140;1
REPPE;90150;1
RIERVESCEMONT;90200;1
ROMAGNY SOUS ROUGEMONT;90110;1
ROPPE;90380;1
ROUGEGOUTTE;90200;1
ROUGEMONT LE CHATEAU;90110;1
ST DIZIER L EVEQUE;90100;1
ST GERMAIN LE CHATELET;90110;1
SERMAMAGNY;90300;1
SEVENANS;90400;1
SUARCE;90100;1
THIANCOURT;90100;1
TREVENANS;90400;1
URCEREY;90800;1
VALDOIE;90300;1
VAUTHIERMONT;90150;1
VELLESCOT;90100;1
VESCEMONT;90200;1
VETRIGNE;90300;1
VEZELOIS;90400;1
VILLARS LE SEC;90100;1
FROIDEVAL;90400;1
