noir ;1
gris;1
gris;1
gris;1
marron ;1
crème ;1
blanc;1
tigré;1
tigré;1
tigré;1
tigré;1
roux;1
tigré roux;1
noir et blanc;1
noir;1
noir et blanc;1
noir et blanc;1
noir et blanc;1
roux;1
tigré;1
tigré;1
écaille;1
noir ;1
gris;1
gris;1
gris;1
marron ;1
crème ;1
blanc;1
tigré;1
tigré;1
tigré;1
tigré;1
roux;1
tigré roux;1
noir et blanc;1
noir;1
noir et blanc;1
noir et blanc;1
noir et blanc;1
roux;1
tigré;1
tigré;1
écaille;1
noir ;1
gris;1
gris;1
gris;1
marron ;1
crème ;1
blanc;1
tigré;1
tigré;1
tigré;1
tigré;1
roux;1
tigré roux;1
noir et blanc;1
noir;1
noir et blanc;1
noir et blanc;1
noir et blanc;1
roux;1
tigré;1
tigré;1
écaille;1
noir ;1
gris;1
gris;1
gris;1
marron ;1
crème ;1
blanc;1
tigré;1
tigré;1
tigré;1
tigré;1
roux;1
tigré roux;1
noir et blanc;1
noir;1
noir et blanc;1
noir et blanc;1
noir et blanc;1
roux;1
tigré;1
tigré;1
écaille;1
noir ;1
gris;1
gris;1
gris;1
marron ;1
crème ;1
blanc;1
tigré;1
tigré;1
tigré;1
tigré;1
roux;1
tigré roux;1
noir et blanc;1
noir;1
noir et blanc;1
noir et blanc;1
noir et blanc;1
roux;1
tigré;1
tigré;1
écaille;1
noir;1
bleu ;1
chocolat;1
lilas;1
cinnamon;1
fawn;1
roux;1
crème;1
écaille de tortue;1
Seal Point;1
Blue Point;1
Chocolat Point;1
Lilac Point;1
Tortie Point;1
Red point;1
Cream Point;1
Seal Tabby Point;1
noir;2
chocolat;2
marron;2
gris;2
fauve;2
